{
  "Users": [
    {
      "Firstname": "Gattamaneni",
      "Lastname": "Venkatanarasimham",
      "Gender": "Male",
      "State": "Andhra Pradesh",
      "City": "Ongole",
      "DOB": "1992-09-23",
      "EmailId": "venkat123@gmail.com",
      "Phonenumber": "7382232303",
      "Password":"1234",
      "id": 1
    },
    {
      "Firstname": "Abhijith",
      "Lastname": "Tester",
      "Gender": "option2",
      "State": "Telangana",
      "City": "Hyderabad",
      "DOB": "1992-09-23",
      "EmailId": "abhijith@gmail.com",
      "Phonenumber": "123456789",
      "Password":"1234",
      "id": 2
    }
  ]
}