{
  "Qusetions": [
    {
      "categoryName": "Java",
      "qusetionName": "What are the datatypes in java?",
      "approved": "Approved by Admin",
      "createdDate": "2022-02-19T07:28:46.023Z",
      "Answer": [
        {
          "Answer": "Number, boolean,Object"
        }
      ],
      "Comment": [
        {
          "Comment": "Your answer is good"
        },
        {
          "Comment": "Good"
        }
      ],
      "Like": [
        {
          "Like": "Liked"
        },
        {
          "Like": "Liked"
        },
        {
          "Like": "Liked"
        },
        {
          "Like": "Liked"
        }
      ],
      "createdBy": "pawank@gmail.com",
      "id": 1
    },
    {
      "categoryName": "Java",
      "qusetionName": "What are the polymorphysm in java?",
      "approved": "Not Approved",
      "createdDate": "2022-02-19T07:23:46.023Z",
      "Answer": [
        {
          "Answer": "Polymorphism in Java is a concept by which we can perform a single action in different ways. ... So polymorphism means many forms. There are two types of polymorphism in Java: compile-time polymorphism and runtime polymorphism. We can perform polymorphism in java by method overloading and method overriding"
        }
      ],
      "Comment": [],
      "Like": [],
      "id": 2,
      "createdBy": null
    },
    {
      "categoryName": "Java",
      "qusetionName": "What are the overloading in java?",
      "approved": "Approved by Admin",
      "createdDate": "2022-02-19T07:39:46.023Z",
      "Answer": [
        {
          "Answer": "The Method overloading allows methods that perform proximately related functions to be accessed using a common name with slight variation in argument number or types. They can also be implemented on constructors allowing different ways to initialize objects of a class. It's esoteric."
        }
      ],
      "Comment": [
        {
          "Comment": "Good"
        }
      ],
      "Like": [
        {
          "Like": "Liked"
        }
      ],
      "createdBy": "pawank@gmail.com",
      "id": 3
    },
    {
      "categoryName": "JavaScript",
      "qusetionName": "What are the datatypes in JavaScript?",
      "approved": "Approved by Admin",
      "createdDate": "2022-02-19T07:39:46.023Z",
      "Comment": [],
      "Like": [],
      "Answer": [],
      "id": 4,
      "createdBy": null
    },
    {
      "categoryId": 1,
      "categoryName": "1",
      "qusetionName": "what are th edata types in angular?",
      "id": 5,
      "approved": "Not Approved",
      "createdDate": "2022-02-19T07:39:46.023Z",
      "Answer": [],
      "Comment": [],
      "Like": [],
      "createdBy": null
    },
    {
      "categoryName": "Angular",
      "qusetionName": "what are the life cycle methods in angular?",
      "categoryId": 3,
      "approved": "Approved by Admin",
      "createdDate": "2022-02-19T07:39:46.023Z",
      "Comment": [],
      "Like": [],
      "Answer": [],
      "id": 8,
      "createdBy": null
    },
    {
      "categoryName": "Angular",
      "qusetionName": "what are the methods in angular?",
      "approved": "Not Approved",
      "createdDate": "2022-02-19T07:39:46.023Z",
      "id": 9,
      "Answer": [],
      "Comment": [],
      "Like": [],
      "createdBy": null
    },
    {
      "categoryName": "React Js",
      "qusetionName": "what are the methods in React js?",
      "categoryId": 4,
      "approved": "Approved by Admin",
      "createdDate": "2022-02-19T07:39:46.023Z",
      "Comment": [],
      "Like": [],
      "Answer": [],
      "id": 10,
      "createdBy": null
    },
    {
      "categoryId": 1,
      "categoryName": "Java",
      "qusetionName": "Why is Java a platform independent language?",
      "id": 11,
      "approved": "Not Approved",
      "createdDate": "2022-02-19T07:39:46.023Z",
      "Answer": [],
      "Comment": [],
      "Like": [],
      "createdBy": null
    },
    {
      "categoryId": 1,
      "categoryName": "Java",
      "qusetionName": "What is Java and why it is used? Java is a general-purpose programming language that is class-based and object-oriented. The programming language is structured in such a way that developers can write code anywhere and run it anywhere without worrying about the underlying computer architecture. It is also referred to as write once, run anywhere (WORA).",
      "id": 12,
      "approved": "Not Approved",
      "createdDate": "2022-02-19T07:39:46.023Z",
      "Answer": [],
      "Comment": [],
      "Like": [],
      "createdBy": null
    },
    {
      "categoryId": 4,
      "categoryName": "React Js",
      "qusetionName": "What is React Js?",
      "id": 13,
      "approved": "Not Approved",
      "createdDate": "2022-02-19T07:39:46.023Z",
      "Answer": [],
      "Comment": [],
      "Like": [],
      "createdBy": null
    },
    {
      "categoryId": 1,
      "categoryName": "Java",
      "qusetionName": "What is Python?",
      "id": 14,
      "approved": "Not Approved",
      "createdDate": "2022-02-19T07:39:46.023Z",
      "Answer": [],
      "Comment": [],
      "Like": [],
      "createdBy": null
    },
    {
      "categoryName": "Java",
      "categoryId": 1,
      "qusetionName": "what are the funtionalities in react js?",
      "approved": "Rejected by Admin",
      "createdDate": "2022-02-19T07:12:46.023Z",
      "id": 15,
      "Answer": [],
      "Comment": [],
      "Like": [],
      "createdBy": null
    },
    {
      "categoryName": "Java",
      "qusetionName": "What are the access specifiers in Java?",
      "approved": "Rejected by Admin",
      "createdDate": "2022-02-19T07:39:46.023Z",
      "id": 16,
      "categoryId": 1,
      "Answer": [],
      "Comment": [],
      "Like": [],
      "createdBy": null
    },
    {
      "categoryName": "Java",
      "qusetionName": "Extra questions?",
      "approved": "Approved by Admin",
      "createdDate": "2022-02-19T07:16:46.023Z",
      "id": 17,
      "categoryId": 1,
      "Answer": [],
      "Comment": [],
      "Like": [],
      "createdBy": null
    },
    {
      "categoryId": 3,
      "categoryName": "Angular",
      "qusetionName": "hello",
      "approved": "Not Approved",
      "createdDate": "2022-02-19T08:54:51.162Z",
      "id": 18,
      "Answer": [],
      "Comment": [],
      "Like": [],
      "createdBy": null
    },
    {
      "categoryId": 1,
      "categoryName": "Java",
      "qusetionName": "Good",
      "approved": "Not Approved",
      "createdDate": "2022-02-19T08:55:30.895Z",
      "Answer": [],
      "Comment": [],
      "Like": [],
      "id": 19,
      "createdBy": null
    },
    {
      "categoryName": "Java",
      "qusetionName": "what are the oops concepts in java?",
      "categoryId": 1,
      "approved": "Approved by Admin",
      "createdDate": "2022-02-19T10:07:16.637Z",
      "Answer": [
        {
          "Answer": "Object-Oriented Programming System (OOPs) is a programming concept that works on the principles of abstraction, encapsulation, inheritance, and polymorphism. It allows users to create objects they want and create methods to handle those objects. The basic concept of OOPs is to create objects, re-use them throughout the program, and manipulate these objects to get results."
        }
      ],
      "Comment": [],
      "Like": [
        {
          "Like": "Liked"
        }
      ],
      "createdBy": "pawank@gmail.com",
      "id": 20
    },
    {
      "categoryId": 1,
      "categoryName": "Java",
      "qusetionName": "What is abstraction?",
      "approved": "Not Approved",
      "createdDate": "2022-02-20T17:27:49.098Z",
      "Answer": [],
      "Comment": [],
      "Like": [],
      "id": 21,
      "createdBy": null
    },
    {
      "categoryName": "Java",
      "qusetionName": "What is polymorphism?",
      "categoryId": 1,
      "approved": "Approved by Admin",
      "createdDate": "2022-02-21T16:28:32.324Z",
      "Answer": [],
      "Comment": [
        {
          "Comment": "Good answer"
        },
        {
          "Comment": "rkjvhriuuhgvi"
        }
      ],
      "Like": [],
      "createdBy": "user",
      "id": 22
    },
    {
      "categoryId": 1,
      "categoryName": "Java",
      "qusetionName": "",
      "approved": "Not Approved",
      "createdDate": "2022-02-23T16:37:16.339Z",
      "Answer": [],
      "Comment": [],
      "Like": [],
      "id": 23,
      "createdBy": null
    },
    {
      "categoryId": "4",
      "categoryName": "React Js",
      "qusetionName": "wwwwwwww",
      "approved": "Not Approved",
      "createdDate": "Sat Feb 26 2022 16:02:45 GMT+0530 (India Standard Time)",
      "createdBy": "venkat333@gmail.com",
      "id": 24
    }
  ]
}